Position, Company, location
Senior Open Source Developer & DevOps (Python, Django, React, AWS/OpenStack),OpenCraft,Anywhere in the World
Sr Software Engineer - Python,Salas O'Brien,USA Only
Senior/Staff Software Engineer - Backend/Python - USA (100% Remote),Close,USA Only
Senior Python Engineer,Shake,Anywhere in the World
Lead Python Developer,Tactiq Tech,Anywhere in the World
Python Flask User Workspace Developer,DataExplorer,Anywhere in the World
Typescript React Fullstack Developer Senior,CloudDevs,ğŸ’ƒ Latin America
Lead Python Developer,Tactiq,ğŸ’ƒ Latin America
Senior Unreal Engine Developer,Proxify,ğŸŒ Worldwide
Senior Full stack React Developer,Lemon.io,ğŸ‡ªğŸ‡º Europe
Engineer Golang Python,FinCompare,ğŸŒ Probably worldwide
Senior DevOps Engineer,Twist Bioscience,ğŸ‡ºğŸ‡¸ United States
Senior Software Engineer Test Hybrid,SonicWall,ğŸ‡ºğŸ‡¸ United States
Penetration Tester,ScienceLogic,ğŸ‡ºğŸ‡¸ United States
Senior Site Reliability Expert,Lightspeed Commerce,ğŸ‡ºğŸ‡¸ United States
Online Technology Intern,PlayStation Global,ğŸŒ Probably worldwide
Technical Lead Data Pipeline GPU Python C+,Planet,ğŸ‡ºğŸ‡¸ United States
IT Manager,Civis Analytics,ğŸ‡ºğŸ‡¸ United States
Security Automation Engineer,KnowBe4,ğŸ‡ºğŸ‡¸ United States
Principal Full Stack Developer,Tailorbird, Inc.,ğŸ‡®ğŸ‡³ India
Senior Staff Engineer,Nomad Health Corporate,ğŸ‡ºğŸ‡¸ United States
Senior Growth Engineer,Samsara,ğŸ‡ºğŸ‡¸ United States
Senior Business Intelligence Developer,Amwell,ğŸ‡ºğŸ‡¸ United States
Senior Mechanical Engineer,Planet,ğŸ‡ºğŸ‡¸ United States
Professional Services Solutions Architect,Planet,ğŸ‡ºğŸ‡¸ United States
Senior Backend Engineer,Tradeblock,ğŸ‡ºğŸ‡¸ United States
